min_credit_score,min_monthly_spend,min_repayment_pct,sample_holders,market_holders_M
616.4373629133578,1912.412621308031,0.15514097953209707,45908,36.931662291472605
596.3327063851232,1991.6524083073027,0.14919584238215564,47507,38.2180116860022
621.515875194683,1925.8060114364084,0.15679462742340156,45293,36.436912524345836
611.8420817435618,1930.465342031515,0.15226191884576604,46374,37.30654585485646
575.650640873259,2026.456562606042,0.14423848297978872,48749,39.21716487424845
628.5373410982054,1978.5854783140467,0.155776394823402,44316,35.650944195105424
615.6683821194212,2084.370490030999,0.14983897786246198,45559,36.650901854517734
617.1638583166173,1963.831298921614,0.14462458451959356,45763,36.815013972393935
577.6868179605327,2045.2360256767802,0.1447903520076213,48576,39.077991362520116
597.023156273734,1992.2198860309816,0.15281300902664807,47369,38.10699466508595
592.2478814539548,2031.9902602258558,0.14321058760094232,47739,38.40464899652807
625.6058993309161,2019.939071343198,0.1467989064737072,44702,35.9614700652045
608.6319072048399,1994.5567945517996,0.144596813857048,46552,37.449741722415105
619.3656967962498,2090.0122189248873,0.14911616144425927,45114,36.292912185621134
596.6048519296398,1968.5427285509911,0.1487153065799154,47587,38.28236937928698
583.6343233070866,1935.4471002498544,0.15032814652033283,48496,39.013633669235325
603.2750872209501,2035.6188121759656,0.14669454493653794,46873,37.707976966720295
573.8290353662505,2069.2015122615817,0.14298065384067266,48730,39.20187992209332
619.657870319555,1908.0507479879848,0.15171579159802778,45651,36.724913201795246
607.8998639473239,1989.926537684536,0.14810577004323527,46605,37.49237869421627
615.4852644051224,2078.4975379374655,0.1522700249811007,45531,36.62837666186807
591.2715580877921,2049.9237237845737,0.144130004562064,47734,38.40062664069777
628.2418814636942,2098.3615432995257,0.14270666032941073,44123,35.49568126005588
623.5872672793319,2006.2827623194487,0.14622441371827938,44961,36.169828097213994
616.7030098244257,2031.9991437602303,0.1493482098449108,45614,36.69514776865103
581.678322471118,1960.4960562275855,0.148411079612527,48566,39.069946650859514
598.0032602236221,2089.5071199331983,0.154654538329102,46956,37.774748073503254
572.6282259472338,1973.2670977113073,0.14816756466289235,48990,39.41104242526886
579.2573695240528,2047.7021425373257,0.15045661769404617,48357,38.90181217715301
610.9829371945473,1980.6280408238163,0.1514027338866329,46316,37.25988652722499
614.685729354469,2012.3637860125998,0.14282747087468717,45971,36.982343974934366
628.0505839460526,2043.9565070043093,0.15022700065269284,44196,35.55440765517825
589.5495214882891,2001.7868303502707,0.14767246889098257,47966,38.58726395122364
592.2275823620921,2081.417265381902,0.1488192019152488,47486,38.201117791514946
598.1733486765485,1983.860197585562,0.14400431097742875,47450,38.172156829536796
581.3682815450571,2029.4143596286651,0.15424230848472967,48238,38.8060801083919
577.7952903201283,1968.4724866600109,0.15663606376212785,48574,39.07638242018799
598.542295573556,1981.6313336462026,0.142834032309444,47474,38.191464137522225
583.614560943053,1988.0100216467106,0.15152059144217023,48303,38.85837073418579
610.1888396809507,1925.1614036624571,0.15395766100932537,46466,37.380557202133964
596.2291151323399,1918.3447358118012,0.14677211382974834,47805,38.45774409348802
619.9606917634702,2033.4979846293515,0.15431333377294826,45209,36.369336946396814
612.0159061201349,2031.1035476686104,0.1519853257614945,45973,36.983952917266485
588.7419984829224,2032.581942842019,0.15643743948406605,47760,38.42154289101533
619.9355880837121,1903.9532890685384,0.15721507217030659,45571,36.660555508510456
618.2858614498081,1965.309368534356,0.14313519170998057,45674,36.74341603861462
593.2487027418105,1939.5619694518393,0.1491740664154051,47859,38.501185536455246
587.2996862358146,2055.6302845088026,0.15070481681367326,47871,38.51083919044796
610.9497302384985,2072.126080279226,0.14470114849811477,46127,37.107841476839695
578.3851490165586,1949.3360754452294,0.1475442874564104,48776,39.23888559573207
581.9944921485065,2033.5698317695974,0.15731471171634692,48160,38.743331357439246
570.4417361850603,1925.8725606916548,0.14274345684513706,49333,39.68697603522737
617.2154626501283,1955.0305051203427,0.14928761897286574,45742,36.79812007790668
609.8910513955219,1927.730899246684,0.15513981932577295,46516,37.420780760436955
612.3099227175801,1956.7041533198458,0.14735851894078933,46273,37.22529426708443
616.8437418613181,2034.9473094698556,0.1496969775413273,45604,36.68710305699043
597.5349465323004,2082.0653820370503,0.1571706861868197,47007,37.81577610297231
604.1244717571736,1940.504481584837,0.14962315254713554,47028,37.83266999745956
578.3878198876595,2008.415806990144,0.1444638196821975,48653,39.13993564230672
576.8718044121584,2040.2782202486865,0.14327582237499586,48656,39.14234905580489
610.1041777074283,2090.584493697113,0.15668124858659924,45906,36.930053349140486
598.2657723685879,2022.0120965774347,0.14648714119912598,47323,38.069988991447204
603.9141663888713,1951.0213862054761,0.15006095859846827,47075,37.87048014226438
615.8999314449616,2025.0956313827874,0.1438605264913495,45816,36.85765094419511
608.0830992000355,1964.0982323356031,0.14885482680825907,46578,37.47065797273266
603.2147640394797,2095.2256781383417,0.15645158278875188,46521,37.42480311626725
603.5524296447248,1979.9352270327274,0.15003619490446407,46978,37.79244643915658
588.2370058837568,2037.0855441522028,0.15706702727703492,47738,38.403844525362004
571.8490700740764,1904.6455164693516,0.14638253455856098,49320,39.67651791006859
596.2030433539418,1980.012289226951,0.15006817859555904,47531,38.237318993987635
582.8750803691718,2075.0215226645023,0.15539296187713988,48009,38.62185621136421
594.5117186234781,2022.045488886649,0.14922378531830616,47560,38.26064865780337
621.20418439609,1988.7885772791954,0.14669231060355284,45225,36.38220848505377
584.0363691519204,2087.1874998871453,0.15533213045126823,47857,38.49957659412313
573.4981645013439,2070.796875229446,0.14834834203308914,48631,39.1222372766534
586.8830335213198,1964.4431347645877,0.1504608493659035,48218,38.789990685070705
587.615625466001,2008.9096804082678,0.1571479059962272,47899,38.533364383097634
609.7149908836137,1997.9648512184926,0.14529724942133795,46440,37.35964095181641
603.4219291404767,2026.4405000229724,0.14702100955080277,46901,37.73050215936997
617.0338925463848,1966.822253391751,0.1429660440010476,45770,36.820645270556355
609.8588124196433,1948.8410001531777,0.1483775656486508,46538,37.438479126090265
594.3832116864043,2082.5343670511074,0.1455027514587729,47428,38.15445846388347
618.8412230799621,2084.7748998997013,0.15270052403111836,45198,36.36048776357016
580.0183751944622,2068.664577152396,0.14521982188148777,48333,38.88250486916758
571.3627243880317,2095.640886152912,0.15262219128608803,48579,39.08040477601829
575.4028716465385,2048.9983051559375,0.14645213142283975,48643,39.131890930646115
613.341561035787,2052.9334457124,0.147828267511818,45875,36.90511474299263
597.7126338150832,2052.518018392528,0.14773290978069595,47272,38.02896096197815
579.6763067420161,1996.1215261884613,0.15325127625245413,48465,38.98869506308747
600.0626865062018,1991.2904389028542,0.14949763894707513,47193,37.96540773985942
579.1387261627901,1948.0452552298007,0.14791948348279024,48706,39.18257261410788
611.7792225046642,2028.9638388718581,0.15528934078559176,46022,37.02337200440342
596.7693765344418,1957.8640272204668,0.15107925938461803,47591,38.28558726395122
592.8612735657889,1951.5616819404709,0.14570746231916995,47956,38.57921923956304
588.0907253488726,2017.192274819211,0.15600136917215524,47828,38.47624693030739
607.8169555871333,1981.9964776450086,0.1476397544405046,46638,37.518926242696246
591.7087566332034,1943.7713217589264,0.1430846906630598,48076,38.67575577949022
575.2589951589661,2063.2112033505664,0.14991900335961678,48524,39.036158861885006
577.080354127231,2072.113983858875,0.14435907081661314,48486,39.00558895757473
627.7138598729708,1933.5399039355561,0.14607699665573612,44707,35.9654924210348
624.5148414424564,1901.50140656,0.15370666309031117,45088,36.271995935303586
611.982428028645,1967.2259937058748,0.14446127720064478,46363,37.29769667202981
585.9521976875711,2059.5021671361505,0.15460416336531052,47885,38.5221017867728
628.1505826408634,2067.834773246865,0.1565536093219643,44040,35.42891015327292
616.7250542379477,1927.6658140232098,0.15159798150611917,45912,36.93488017613684
613.0134113495398,2054.8671802366102,0.15315538788034244,45791,36.83753916504361
596.9616901286273,1923.140833461886,0.15320379914861126,47667,38.34672707257177
586.3344937107096,1978.012518031306,0.15739211935905667,48029,38.6379456346854
575.78345772921,2099.721903002383,0.14762307393302435,48465,38.98869506308747
624.1561437926305,1938.518164646182,0.14494284826864054,45065,36.253493098484206
597.3465773900167,1930.7927165155252,0.1502875085237148,47613,38.30328562960454
582.1418018877138,1984.5600665093586,0.15049874714747563,48395,38.932382081463295
588.3573974490391,2023.9337051939724,0.14516868732444216,48009,38.62185621136421
604.7531741365137,2086.5801564826506,0.1516966412849121,46553,37.45054619358116
580.6063669763539,2096.164229106607,0.14271187100215235,48292,38.84952155135913
621.3968570455426,1913.928127318279,0.15641502603681331,45337,36.47230925565246
615.5111717901126,1927.5995034695811,0.1464686141673189,46093,37.080489457193664
613.1677773570563,2058.1475947791987,0.14309340312585286,45916,36.93809806080108
595.9255823865062,1954.1264304541721,0.14412374162212285,47778,38.436023372004406
607.6385304421466,2076.969811901272,0.14610373422419462,46369,37.302523499026165
605.0458781347642,2032.6906514458174,0.14660859252909067,46701,37.569607926158014
608.9907960932892,1922.3689604761355,0.14299214999246593,46799,37.648446100431876
575.0666592683933,2066.5058569848015,0.14669032218290592,48578,39.079600304852235
594.9484441302366,1935.2712760016152,0.14539412604740223,47888,38.52451520027098
572.4968504317136,1984.6990789359309,0.14817931391151778,48951,39.37966804979253
599.6394491546712,2010.436985711866,0.14827751606033954,47235,37.999195528833944
589.7916727399671,2000.1532298160557,0.14758511610904318,47973,38.59289524938606
578.6714513319628,2037.23258312303,0.14741885825296056,48507,39.022482852061984
576.2041780633531,2030.537346973851,0.14384596916611875,48679,39.160851892624265
605.2586743306628,2098.408401105611,0.1428780742068924,46550,37.448132780082986
580.2355781122131,2099.8843818448377,0.14553171450234698,48245,38.811711406554316
625.5072071026078,2003.2918805271281,0.15384974141124924,44659,35.92687780506393
604.8636683820237,1919.0398173921728,0.15736214648326682,46983,37.79646879498687
590.8121882720902,2045.5686597937438,0.15642789262585993,47593,38.28719620628334
605.454929488885,2095.3328156433176,0.15006329033306653,46460,37.37573037513761
571.3682322617818,1963.665277525804,0.15047735783666902,49034,39.446439156575494
627.5135527944867,1992.2417771675148,0.14721872353553764,44509,35.80620713015497
598.938206216574,1984.955384963091,0.15410909157956484,47288,38.04183250063511
616.9641136350172,1910.2838309113858,0.15397135031898973,45937,36.954991955288335
574.9637999953463,2034.452886244689,0.15516408536373666,48561,39.06592429502921
599.1994998502896,1970.6675390136936,0.15593256865795327,47216,37.9839105766788
599.4424196612713,2057.4927749263006,0.14901523872337943,47064,37.86163095943771
626.269587298499,2066.4240150563974,0.15400313352160797,44335,35.66622914726056
604.3036831425645,2064.246157319569,0.1545959809319382,46562,37.45778643407571
598.4093640634172,1983.333199607976,0.14712689433746626,47413,38.14239139639258
586.0185397855137,1964.30913644818,0.15643863366009225,48093,38.68943178931323
589.8941398405532,2049.764155933411,0.14391512253959482,47868,38.508425776949785
601.2403441482923,2060.2778867685447,0.15741403768744924,46774,37.62833432128038
596.3346876183028,1998.2514892782733,0.15405136077238304,47413,38.14239139639258
571.2967247928199,2078.606203907261,0.1438990635798649,48791,39.25095266322296
619.5775154516615,1928.7817392157117,0.15234344472157502,45566,36.65653315268016
623.769646310386,2075.813755931792,0.1430126911639239,44765,36.01215174866627
578.4149453399167,1919.2190465943763,0.15405280424166273,48756,39.22279617241087
603.242168612343,1930.7051044109228,0.15448834382488583,47065,37.862435430603774
576.5145444681266,2006.768002654792,0.1515361537963717,48619,39.11258362266068
610.3344055823887,1913.503696037483,0.15535290587874856,46482,37.39342874079092
586.8740270303405,1910.561420280022,0.14396824920322288,48508,39.02328732322805
609.5653580815141,1900.103748833141,0.14663885763061218,46735,37.596959945804045
613.619676857213,1987.2633319388526,0.14871266282389006,46058,37.05233296638157
616.1188495150594,2054.924776258446,0.14313686929242148,45613,36.69434329748496
576.4644567573538,1906.967670055983,0.14922324131356748,48980,39.402997713608265
624.9607107082564,2030.451521293171,0.14647820184168847,44784,36.027436700821404
583.8128394536928,2064.625463483237,0.14839102518152628,48119,38.71034803963079
572.2447533705708,1933.6001697155743,0.14887653947988458,49101,39.50033872470149
603.291148163489,1929.3727469642809,0.15569117600231527,47049,37.84956389194682
592.2553370317463,2072.160194724107,0.1465551145579146,47563,38.26306207130155
619.7873845879448,2064.624921990019,0.1559061469307441,45086,36.27038699297146
618.4950883238581,2007.7883532528374,0.14888956447219273,45489,36.59458887289356
589.0283335693629,2063.839975858796,0.14741711581040978,47770,38.42958760267592
627.1739637041846,1918.5512154848989,0.15003768074002719,44717,35.9735371326954
587.4550702884071,1978.896303587751,0.1487661492954426,48130,38.719197222457446
600.9034277539029,2047.5595112212745,0.1463605846958272,47079,37.87369802692861
585.3579054340562,1951.4903918647926,0.150040189871941,48318,38.87043780167668
626.1626142029378,2050.4657828867107,0.14477702599618245,44497,35.796553476162245
579.8764690549211,2000.8357208781629,0.14777894914534448,48554,39.06029299686679
572.6946371635397,2050.0531975896465,0.15098685329061134,48702,39.17935472944364
596.1058236001822,1992.935927571466,0.14870112366584787,47512,38.2220340418325
629.5425338433503,1973.5808680443636,0.15485868541576195,44219,35.57291049199763
623.5006359752948,1943.8378432957265,0.1463508264230275,45137,36.31141502244051
614.9164811674169,1941.675868287003,0.15704657368246516,45983,36.99199762892709
623.4475494527115,2050.298162114279,0.15427083031277028,44712,35.969514776865104
623.6067983818718,1923.782069606792,0.15701389538996208,45069,36.25671098314845
601.131501623187,1917.196470022189,0.15507204832245455,47272,38.02896096197815
588.9557431098476,1935.258273004426,0.14463155888777462,48284,38.84308578203065
616.3207459266592,1935.0693022907844,0.15039690135952521,45900,36.92522652214412
609.6996757900656,2064.62152456138,0.14504967781793676,46233,37.193115420442034
592.4194637324226,1979.7013246948425,0.15477341028940886,47689,38.364425438225084
575.6680000836909,2098.0776914720964,0.15126243223774943,48395,38.932382081463295
614.8073766809416,1927.4422515581225,0.14645173971535358,46197,37.164154458463884
585.7476309553718,2030.7079651387287,0.15644398458010758,47941,38.56715217207215
626.2087890320267,1989.7459014402502,0.1442277907997139,44677,35.94135828605301
584.4582345003411,1978.5836353394147,0.1509579360520697,48275,38.835845541536116
577.3654759446891,2075.0168398108162,0.15331560832000088,48308,38.86239309001609
619.8667603274944,2095.11912916568,0.14338272805998648,45166,36.33474468625624
579.1970589974696,2074.571791754836,0.15146784049809306,48246,38.81251587772038
580.7560984894643,1938.4601358070265,0.1547385182319464,48546,39.053857227538316
605.9629674912507,1944.159584241787,0.1435129097162708,47008,37.816580574138364
622.4737224502479,2031.2147758190126,0.1501836445665994,44925,36.14086713523584
581.7860799428744,1957.8167163276382,0.1463783576722311,48625,39.11741044965704
588.6194203740057,2046.945026156116,0.1524438667730538,47798,38.4521127953256
616.6442902944707,2013.284130161929,0.14428016050618267,45735,36.79248877974426
628.3095855636581,2010.1817536980807,0.1565557714600576,44228,35.580150732492164
600.0444711721406,2065.709384967757,0.15592092872572097,46855,37.693496485731224
578.6338501530751,2042.1065543485356,0.14528961629813564,48526,39.037767804217125
570.8361772624921,1905.3155529994583,0.14734898826547657,49328,39.682953679397066
583.7793617999313,1909.8918274292032,0.15131452461979564,48568,39.07155559319163
577.9093330671913,2020.311690491203,0.15327093504951375,48497,39.01443814040139
610.6595204167714,1997.238415124455,0.14913984022740387,46305,37.25103734439834
577.3099502777119,1952.0369310685983,0.14484436982941462,48865,39.31048352951139
600.379795897238,1983.7312174629603,0.14406227240704306,47294,38.04665932763147
611.6557461385731,2051.582063746572,0.15749648005371517,45914,36.93648911846896
604.8669965532541,2065.322296931586,0.1493302818216523,46648,37.52697095435684
581.9865390996034,2012.2446135780087,0.15558797623722748,48271,38.83262765687188
618.2474715709358,1977.0738961714205,0.1497356400694367,45564,36.65492421034804
612.924427776948,1954.1393522990213,0.15633536457819006,46139,37.11749513083241
614.3390402349326,2004.3836941538507,0.14381639074157324,45981,36.99038868659497
577.8634650934388,1962.9499237128762,0.14421028787001824,48834,39.28554492336354
577.4252282190207,2012.8190274094445,0.15644448281586337,48447,38.9742145820984
625.6537530603905,2035.3304765019275,0.15671239567567177,44520,35.81505631298162
593.8546916294964,1913.215842183879,0.14722076171198045,48007,38.62024726903209
588.0569215068564,1900.2134930045495,0.14782747330490806,48350,38.8961808789906
599.315042721092,1942.4554277681486,0.14928675352252135,47414,38.143195867558646
609.771852765815,2078.9022995437563,0.14874242520100936,46133,37.11266830383605
627.3373954228182,2029.2581526457118,0.14535067823939393,44424,35.73782708103988
587.1867736129233,1934.3920703874046,0.15597563075909063,48145,38.73126428994834
625.4885057587217,2078.0527923647237,0.14629961401058464,44517,35.81264289948344
571.4915694831753,1993.991188057468,0.15307908614216478,48885,39.326572952832585
603.3118825396094,1995.2183513357322,0.14350733516602457,47038,37.840714709120164
608.0385067008651,2087.108388768531,0.14308126997292642,46287,37.23655686340926
576.3538442250452,1911.897338436668,0.1523059570886538,48903,39.34105343382166
578.4203758238348,1943.0356549257438,0.1475852378635989,48795,39.254170547887206
595.1468591589783,2017.1542650309445,0.15233189089080001,47451,38.17296130070285
627.9739147285909,1939.0973019164007,0.14391031803253246,44693,35.95422982470997
605.7625531940623,2035.9054018417914,0.15674777069873796,46527,37.42962994326361
625.9813932960127,1942.818457867344,0.15372771700339644,44832,36.06605131679227
618.2616549367782,1919.8313941197628,0.15564400849538698,45670,36.74019815395038
598.0428960933175,1941.397031928168,0.14454705831066766,47574,38.271911254128206
617.0858069551313,1984.5468068544124,0.14730241453339304,45668,36.738589211618255
571.0702070386193,1935.227659834616,0.14802516246309516,49170,39.55584723515962
576.548639805944,1926.9384049846694,0.15055758972490227,48891,39.33139977982894
619.7657168929642,2072.056377243788,0.1469530272826112,45187,36.3516385807435
617.8090252995097,1964.0794407194617,0.14340946113284106,45774,36.82386315522059
583.958444517986,1972.1517373036506,0.14803317571106206,48414,38.94766703361843
601.8461754359432,1911.0540819002456,0.14631823971940922,47440,38.16411211787619
606.3609492420006,1971.4739247004109,0.1482888193719482,46756,37.6138538402913
622.0643372265606,1952.9614354643159,0.1454543931393004,45217,36.3757727157253
606.1864294403235,2022.0970134683578,0.14642844561847101,46647,37.526166483190785
594.7542941564208,1941.0780595344813,0.15190428510648402,47746,38.41028029469049
592.451042604431,2077.673090612568,0.14832230751867098,47505,38.21640274367008
595.5529251824106,2085.933324183911,0.14768075089754237,47317,38.06516216445084
609.1158615347985,1919.966211435358,0.1505085844908356,46621,37.50525023287323
622.0494379051395,1921.4805912577153,0.1540779081126589,45212,36.37175035989499
597.2338129245779,1923.0652876221975,0.14818301934521935,47672,38.35074942840207
584.8703737770815,2023.9138512620625,0.1513127923883376,48141,38.728046405284104
584.1997417798549,1924.3937928419246,0.15699303938052264,48342,38.88974510966212
614.7608568146068,2070.4764635860533,0.15032970171177076,45687,36.753874163773396
618.9941258054346,2050.8543029875786,0.15614696364776318,45250,36.402320264205265
576.3166847912476,2063.961771647605,0.1544050893638464,48365,38.908247946481495
573.9935314173107,2005.2121053772041,0.14338078022475223,48939,39.370014395799814
605.6660198253871,2099.335442303831,0.14893648307203886,46461,37.37653484630366
578.7703946515619,1908.8350205888323,0.15297477611802882,48815,39.270259971208404
619.4798514273805,1980.2529928372226,0.157300678686723,45318,36.45702430349733
588.6200804354445,1964.7873337875271,0.14937564436742268,48106,38.69988991447202
578.6323159782686,2089.729099742528,0.14389178181190107,48402,38.93801337962571
625.258228349247,2015.3721916995187,0.15093013762069302,44659,35.92687780506393
579.9319033641167,2061.238193088945,0.1443984568818594,48421,38.95329833178084
587.0832049402761,1934.0682387317038,0.1537727934041909,48196,38.772292319417396
579.2168037115235,2095.726828780088,0.15011515496192665,48219,38.79079515623677
576.9294038199213,1999.7279093752632,0.15335147052565928,48596,39.09408078584131
571.2688809801864,1998.734415254129,0.15554042740317786,48814,39.26945550004234
573.3237245498556,2094.1769457091477,0.15193422025744166,48495,39.01282919806927
580.4784882561512,1976.146472243429,0.15168658993879772,48500,39.01685155389956
573.2029159576305,1979.5050049109987,0.15381855443159448,48800,39.2581929037175
605.4686289666582,2016.9505405609873,0.15513682502179002,46616,37.501227877042936
610.8428716079704,1925.6105221095575,0.15553580679415505,46436,37.35642306715217
593.6178274099217,1964.217125282371,0.14304645293524323,47886,38.522906257938864
589.0794658171229,1938.6416644890262,0.15084285445196682,48094,38.690236260479296
600.2715742213338,1920.6566958214098,0.14574403964696325,47493,38.206749089677366
622.5002965340765,2073.228921266204,0.15540518836172676,44714,35.97112371919722
621.0678976093324,2017.8662332254953,0.1522259652780504,45072,36.25912439664663
572.6085037207675,1971.7345583055821,0.14880333718548658,48977,39.40058430011009
580.8899045757914,1981.7338754733426,0.14532156342182026,48601,39.09810314167161
584.2046922662638,1986.303800737471,0.14758535438879739,48320,38.8720467440088
584.9632545499327,2026.6298364289419,0.15305666541810337,48100,38.69506308747565
604.2739591045664,2085.3538782977985,0.14556539317817457,46656,37.533406723685324
594.9757455421916,2086.5559239313966,0.1439037441800756,47438,38.162503175544074
572.9552471956556,1978.2983959061328,0.15582043137341325,48804,39.26141078838174
592.4168483075742,1965.8524919195538,0.15396315524370174,47757,38.419129477517146
601.4251769230582,1990.209300037051,0.145496923959872,47188,37.96138538402913
576.100314174223,2013.5868460856984,0.14688467315144987,48693,39.172114488949106
620.0075132273136,1992.3635822899496,0.1570810526569633,45179,36.34520281141502
573.1177119879062,2031.7506819633402,0.15312276730138677,48662,39.14717588280125
625.4905121410837,2010.8798046759528,0.15165783006320738,44668,35.93411804555847
575.9467884947925,1964.1431093388153,0.14711442728136195,48886,39.32737742399865
620.6144970958652,1969.1461611525265,0.14698687716249784,45391,36.51575069861969
624.1591886356571,1975.718557511946,0.14309285428035345,44975,36.18109069353882
628.7742408351955,1918.9279536498777,0.15342722800352898,44547,35.836777034465236
618.1215528164156,1933.2125264827946,0.14314762837585326,45782,36.830298924549076
616.7686524462797,2044.6227604290773,0.14257286006665917,45654,36.72732661529342
608.5489965597328,1977.819342304416,0.1534424263179147,46469,37.382970615632146
616.7397812746877,1942.9077945120287,0.1567331063572369,45773,36.82305868405453
578.0731325047889,2012.5344821149715,0.15384754571590967,48462,38.986281649589294
602.1640821568583,2051.1079084946855,0.14957460285936566,46861,37.69832331272758
600.8533722114248,1951.4844724690743,0.1497906787434131,47318,38.065966635616896
621.4543286473535,2065.357976384749,0.14904204633973658,44959,36.16821915488187
597.767961935611,2085.5009719250097,0.147369655006655,47182,37.95655855703277
593.1053697660212,2019.478905814768,0.1503257132127876,47614,38.3040901007706
608.3737962742266,2033.789531798316,0.1489672643571167,46369,37.302523499026165
585.9877990500507,1910.515198064611,0.1514725182006116,48428,38.958929629943256
578.3861046572374,2089.1039782043813,0.15597180120751641,48173,38.753789482598016
598.6726364414247,1978.4969468529887,0.15742514125985715,47236,38.0
595.0133621156931,2084.780080109086,0.14368114934824375,47381,38.11664831907867
583.9541964317324,2015.7955049500486,0.14827025208992012,48285,38.84389025319672
592.0507086069077,1900.9237597686656,0.14521059293650213,48129,38.71839275129139
591.9835469895748,1907.7083998646872,0.147781807108883,48138,38.72563299178592
589.6497338647528,2036.0837611339844,0.14681209527822633,47872,38.51164366161402
592.7678447836157,2012.5336027663866,0.1451180569744018,47782,38.439241256668645
611.1446007273568,1905.3064874412148,0.15396114080131934,46438,37.35803200948429
587.8125884742772,2048.691992244477,0.14994433114243852,47908,38.54060462359217
626.9314756029204,2070.4290674138365,0.15628868373325838,44282,35.62359217545939
624.9808811722907,1999.2834964878616,0.1429888866487052,44911,36.129604538911
598.8546256980047,1993.151488071451,0.14350467019697985,47436,38.160894233211955
589.7016723002813,1901.0946217669255,0.14854910374395516,48264,38.82699635870946
602.1260873898002,2057.32994249872,0.14370415980606055,46931,37.75463629435176
620.9136293264174,1966.143213349221,0.1464409439462225,45405,36.52701329494453
609.1552404336061,2075.752723956508,0.15729044614614934,46009,37.01291387924464
618.2635096768247,1974.6121175116107,0.1456343941122692,45628,36.70641036497586
601.9633365639444,2013.015582126141,0.14547176612118135,47127,37.91231264289949
607.9750577560573,1954.0683576398656,0.15110461003193562,46683,37.555127445168935
587.2893368509477,1932.1176625169837,0.14996997436189735,48275,38.835845541536116
614.0935897386174,2054.9815806762654,0.15120657445804267,45725,36.784444068083666
582.1442755875431,1999.3180957692564,0.1481510291731282,48393,38.93077313913117
611.6878877291099,2007.2975847504501,0.15490143539842421,46101,37.08692522652214
621.6431440995536,2093.083190696347,0.14457870827163694,44937,36.15052078922855
577.9261702380926,2092.7159824444307,0.14892588968762197,48348,38.89457193665848
606.8627844325151,2071.1284243404807,0.1528464277266613,46376,37.30815479718858
575.7057448937961,1937.5218585530067,0.1555235466042435,48791,39.25095266322296
613.5429376962857,2018.854538860316,0.14804357409535135,45985,36.99360657125921
575.0695931294113,2075.6294849311075,0.1510161839864063,48459,38.98386823609111
626.1563893620375,1974.8927872897875,0.1435370991751089,44731,35.98479972902024
578.2444758022681,1920.221233187117,0.14505478632167743,48927,39.36036074180709
627.5328147545448,2062.1925804479843,0.1435370724369917,44336,35.66703361842662
618.0530505651058,1996.3527102724343,0.15341821337997782,45460,36.57125920907782
605.6209202679812,2012.8785360718357,0.1468208995308321,46765,37.62109408078584
616.9574462777728,2096.428859263569,0.15335617935287757,45367,36.49644339063426
617.7068903389852,2021.4422860988145,0.1434959741856491,45615,36.69595223981709
626.7616237690398,1984.9958771332203,0.15543821700612487,44556,35.844017274959775
585.2030012303512,1973.9968735694395,0.15503295297166636,48142,38.72885087645017
605.4045537214986,1983.523858530809,0.14383393114575424,46876,37.71039038021848
575.7029518538641,1923.6798166357337,0.14285634759685778,49093,39.49390295537302
606.9699420014473,2058.9501116835145,0.14334433219472986,46552,37.449741722415105
580.2774782455673,2067.543371637408,0.15530445259720102,48134,38.722415107121684
603.8970366883465,1956.8794269146817,0.14602055233577843,47128,37.91311711406554
604.345830842031,1960.759323681989,0.15072409976787282,46962,37.77957490049962
597.9591091788736,2074.866851266963,0.14889366304770085,47171,37.94770937420611
601.3579065307873,1904.794071105591,0.15443288289342902,47316,38.06435769328478
615.8354034003953,2004.0914887534454,0.14983347452206006,45809,36.85201964603268
617.954682990724,1992.7351429363002,0.15000991260991903,45613,36.69434329748496
599.5291929345258,2038.025353915692,0.15733637909249854,46984,37.797273266152935
605.9756064913568,1932.678340029891,0.14475194335123884,47035,37.83830129562198
625.8741741414061,2033.6661481590309,0.15496055908118897,44546,35.83597256329918
577.1840153100674,1975.3468015749752,0.14327624618405826,48810,39.266237615378095
577.0262139540066,2023.7429556339284,0.14966473154359455,48563,39.06753323736133
575.2625407146461,1908.0190019745553,0.15579502235899534,48899,39.33783554915742
609.4717971024317,1992.3454394369019,0.15247820948406182,46347,37.28482513337285
595.1164980474227,2004.4501787964743,0.15277821929049198,47481,38.197095435684645
616.4592849685106,1942.8652805709974,0.1464497592338473,45924,36.944533830129565
610.2738847985156,1927.9247308358242,0.14877862187042182,46529,37.43123888559573
590.0182654996943,1937.6948606024603,0.14799871595248576,48083,38.68138707765263
623.9019928416922,1968.8282156126695,0.1503216481523699,45012,36.21085612668303
615.7519288242391,1919.3620298609942,0.149433418952155,46078,37.06842238970277
586.2320964546105,2089.463959145921,0.14740347527815484,47894,38.52934202726734
591.8515210663232,1980.9988122991635,0.14708220918556755,47903,38.53658226776188
588.8663988122557,2061.79392050135,0.1462627933748268,47871,38.51083919044796
579.4566989175,2094.8834246217693,0.14797570870327137,48253,38.8181471758828
578.8670023525315,1916.1470560005478,0.1447491221690109,48945,39.37484122279617
626.1676478025446,2030.3338935869988,0.15558156453005362,44426,35.739436023372
596.2742422319252,2074.281817348243,0.1515317908775014,47210,37.97908374968244
592.9991893666446,2026.8468867933457,0.14450679638390782,47744,38.40867135235837
613.7811425206427,1985.8052242714825,0.152907890013135,46003,37.008087052248285
603.179583915174,1986.2152715275877,0.1552149970199696,46870,37.70556355322212
626.1683992103077,1907.1797772014718,0.1460630350807839,44934,36.148107375730376
616.8180896345635,2006.920150257855,0.14475900891505894,45755,36.80857820306546
598.7621738474725,2098.7085993573696,0.14262925885700628,47129,37.913921585231606
592.5815684088495,2091.7415051943867,0.14320875508284728,47556,38.25743077313913
629.1978926954594,1908.0798457684327,0.15393377022455268,44453,35.76115674485562
613.0656141602186,2041.1594007258977,0.15730779498062541,45771,36.82144974172241
627.0716796002305,1960.3529733393862,0.14317320483714413,44649,35.91883309340333
577.1087146330225,2080.597830681227,0.1537210643861984,48285,38.84389025319672
621.0320207514469,1909.0229491418556,0.14357793248761438,45521,36.620331950207465
608.2244330394725,2087.174820402216,0.15138199237355499,46177,37.14806503514269
577.3153007001067,2067.4951487575554,0.15384112923642357,48321,38.87285121517487
605.2954799981533,1923.5008764505203,0.14788806595901605,47020,37.826234228131085
611.165781906327,1911.9648674634598,0.14266402081665994,46574,37.46744008806842
570.7381611533161,2066.941532865387,0.1514278402818814,48717,39.191421796934534
597.2590777105048,1931.151534194916,0.15736866942210043,47479,38.195486493352526
619.5239706717792,2006.979630595174,0.14636426134257743,45411,36.53184012194089
587.7215415206454,2083.148971575742,0.14534236915780824,47880,38.5180794309425
597.5128849079131,2013.4896227098648,0.1443588883913027,47448,38.17054788720467
596.5388476240736,1979.446660294565,0.15082883429850083,47519,38.227665339994914
588.1156434865495,1989.0032109707984,0.1514466764904041,47994,38.60978914387332
625.1065137309332,1912.6234341407742,0.15438406255755605,44932,36.14649843339826
616.8776421258909,2093.7504642723197,0.15379609910430764,45369,36.49805233296638
576.6353046597666,1962.1308370162164,0.15588812242192632,48657,39.143153526970956
629.8220794702544,1937.8726983345707,0.1545865904751345,44326,35.65898890676603
622.7520014584647,1957.2094603680791,0.14620900624619165,45199,36.36129223473622
587.0345062718424,2092.874638978296,0.1508381610731364,47758,38.41993394868321
620.2137947796563,1918.8572106976014,0.14696117938640368,45560,36.651706325683804
576.385171912283,2073.460608100236,0.14744678069327252,48480,39.000762130578366
629.9462838284543,2041.5687788802895,0.15647916553844995,43994,35.39190447963417
609.9410841663922,2066.0038358318056,0.1527284385760061,46116,37.09899229401304
609.0075009335278,2095.179508073579,0.1571188561987666,45967,36.979126090270135
575.426443619048,2068.4309311033744,0.14875368805078115,48520,39.03294097722076
623.8220039337975,2088.6764702555706,0.15056156360030964,44652,35.92124650690152
571.7399701922682,1925.387051358184,0.14980673129874633,49177,39.561478533322045
584.4496834824688,2059.157713033394,0.1441093058628559,48144,38.730459818782286
578.581312509998,2009.1351388162095,0.14605052991789905,48632,39.123041747819464
616.6060764415331,2008.6991190159722,0.15041454540906724,45684,36.75146075027521
581.8922536327739,2079.7843152641026,0.14351061457699507,48272,38.833432128037934
624.6382936278532,2094.360763729342,0.15647192893963335,44458,35.76517910068592
609.3761423596494,2040.9676646086361,0.14435765522915056,46316,37.25988652722499
572.1697626296818,1996.5876778943568,0.1454697111962536,48983,39.40541112710644
570.3257900477221,1991.280771580369,0.15397981835907953,48896,39.33542213565924
573.0994750208639,1977.2682914446364,0.1439540181268397,49004,39.4223050215937
606.3555106588636,1972.3198059145325,0.15600417149423115,46631,37.513294944533826
618.0889086515649,1978.3013683368863,0.15338551456083804,45503,36.605851469218386
584.3131692376433,1917.950647050239,0.14352931285663287,48616,39.110170209162504
620.9645305753844,1915.4872170520875,0.1528777059192848,45491,36.59619781522568
573.4339164091956,2055.9739687744623,0.15197442813256976,48605,39.101321026335846
618.0578312185006,1989.2145785840453,0.15386024149109878,45466,36.57608603607417
625.6677258103368,2086.136897708924,0.15492296778734005,44391,35.71127953255991
616.3265039462628,2022.4442017187905,0.15327525844759732,45594,36.67905834532983
611.8872470387182,1907.035196436884,0.15129264442906457,46473,37.386188500296385
620.278813119323,1931.504668263496,0.14733694977872666,45508,36.609873825048695
572.409077972824,1941.1639586026015,0.15295910492744894,48989,39.4102379541028
582.1069266431433,2095.147204877932,0.15685457376946169,47928,38.55669404691337
577.4954207583386,1943.740845230327,0.1513128267079331,48763,39.228427470573294
600.2718594115792,2003.1511352576103,0.1524651730265138,47116,37.90346346007282
614.7112876997306,2087.235386328039,0.149056920632997,45662,36.7337623846219
607.8007106745839,2095.4385459828713,0.15384181214614612,46208,37.173003641290535
621.0678659857161,1947.2720870767089,0.15746501088507953,45204,36.36531459056651
579.3127795464654,1909.823528750008,0.14490583986101604,48903,39.34105343382166
614.0772655161097,1930.7203665075517,0.14553607919255643,46193,37.16093657379964
581.5824894521343,1912.6656957405116,0.15059156637996585,48692,39.17131001778304
586.245525079068,1939.0248482184672,0.14972063095892488,48309,38.86319756118215
612.5942818368783,2013.713942940747,0.15107354676760076,46044,37.04107037005674
628.8122870939209,2082.4897592591283,0.1432361107158641,44157,35.52303327970192
606.6926163586242,2007.443776738868,0.14856414684495672,46652,37.530188839021086
573.2700188994777,2025.197911339816,0.1512446739309834,48734,39.20509780675756
606.9785381956519,1940.3734503219082,0.15127787026957443,46803,37.651663985096114
572.54103309481,2060.1167241347703,0.1523600094265256,48635,39.12545516131764
623.048742682009,2023.5577817011167,0.15330324043503996,44813,36.050766364637134
612.5746971060372,2072.827365838545,0.15212320805011284,45835,36.87293589635024
580.3876707853502,2089.768621401157,0.15435364733084153,48096,38.691845202811415
575.5032603494519,1969.5801551513184,0.15187140952026887,48770,39.23405876873571
581.0119937328192,1918.115811707088,0.15056261493805806,48680,39.16165636379033
628.8016307732515,1945.1857915833566,0.15159294643331717,44472,35.77644169701075
597.5136385475093,1987.5683131351675,0.14401790050129998,47522,38.2300787534931
617.0448569004844,2089.138730364895,0.1465973481108828,45372,36.500465746464556
608.1845005264666,1975.6619644746831,0.15041099670987196,46529,37.43123888559573
604.3447889975182,2054.154642733074,0.15559480823102562,46582,37.4738758573969
578.707815279903,2008.095338434151,0.1526857733443199,48501,39.01765602506563
626.7614672134857,1936.5617540861954,0.14385612117707847,44840,36.07248708612075
588.0805579508831,1964.1468237906904,0.15138412425666606,48072,38.67253789482598
604.6810329484525,2030.6383770045636,0.14582606981455648,46823,37.667753408417305
611.986556675344,2034.5706789369788,0.15351024839683083,46033,37.03222118723008
608.9539893147186,1986.9519493618093,0.15491161278763121,46414,37.33872470149886
626.4356645817311,1945.729120532423,0.1514018440888496,44728,35.98238631552206
578.9063393952035,2044.3813559025352,0.15137043914627565,48407,38.942035735456
600.5011643068166,1933.774608322543,0.1475788716481622,47415,38.1440003387247
594.242063444446,2087.3339383730254,0.14919375031741963,47348,38.090100770598696
598.450123768957,1937.5807158072953,0.15546162530723018,47406,38.13676009823016
577.1530515718647,1921.4624725665042,0.15334980496450734,48804,39.26141078838174
578.0456765923659,1999.5295404730757,0.15029630489543763,48572,39.07477347785587
586.6845327468754,2003.9099196219388,0.14802348579372557,48144,38.730459818782286
588.2822762256499,2001.6385829556489,0.1432556960743283,48099,38.69425861630959
595.674192820881,1987.3334978677678,0.14464511101989577,47661,38.3419002455754
606.6592528221977,2098.9629785659217,0.14539537784309056,46416,37.34033364383098
608.0777470450957,1997.2561225341165,0.1481007531488801,46494,37.40308239478364
594.7086537951342,1995.5893161479662,0.1566621547061441,47498,38.21077144550766
594.5269865657218,1984.3532125429122,0.1500773009228812,47650,38.33305106274875
583.0577116018177,1913.3651509402926,0.14602260244888846,48660,39.14556694046913
605.2983749045405,2018.5913262299232,0.1440862520619227,46780,37.63316114827674
589.0224546790342,1945.5935544446365,0.14757458286904446,48137,38.72482852061986
572.1635900566419,2027.5217960458099,0.15473595953326585,48683,39.1640697772885
595.1040026494117,1910.1666923896955,0.14825014190115762,47860,38.5019900076213
598.4479605054103,2096.2774202506002,0.1540875870903362,46955,37.7739436023372
583.5355720922527,1993.8010158025345,0.15454057464190318,48226,38.79642645439918
604.3474759873269,2079.3510743181396,0.14416231154548056,46679,37.5519095605047
603.9463140259153,1995.112234646587,0.15162989628940177,46912,37.73935134219663
612.1201308666223,1912.0661637148444,0.15688644095056667,46277,37.22851215174867
608.8769089320726,2064.4427092187616,0.1485320711235533,46276,37.227707680582604
609.1459833912619,2029.636745933427,0.14326416133504533,46367,37.300914556694046
588.9728491094426,2056.351409514789,0.15634954035386817,47682,38.35879414006266
617.2459333191572,1985.6339727017746,0.15575499422358724,45544,36.638834787026845
602.9486630159807,2027.587348849329,0.15033212170813504,46927,37.751418409687524
595.8850917107934,2071.2458007593214,0.15078379680516013,47299,38.05068168346176
607.5607488564634,2026.2130885743775,0.14567611654164186,46547,37.44571936658481
591.6394400670152,1969.5347269671806,0.15479176133316955,47794,38.44889491066136
600.7643546764054,2032.50591887324,0.1499790005758819,47066,37.86323990176983
614.2023413089332,2034.3708377228136,0.14300816692713833,45892,36.918790752815646
623.1841732034225,2092.117392501325,0.15274522434673496,44609,35.88665424676094
625.2634318377116,1974.182464308334,0.1567574440470406,44698,35.95825218054026
600.217975510986,1985.0163535028262,0.15493725735518626,47117,37.904267931238884
601.2165068844341,2062.424592237412,0.1466579721031581,46951,37.77072571767296
617.9922246458302,2001.1524629485482,0.1432998762740001,45670,36.74019815395038
588.8670415046521,2047.3146186231465,0.15660527118807271,47710,38.38131933271234
620.242941740704,1991.9418928907185,0.15655594087319552,45182,36.3476162249132
599.6484987910454,1943.0990283625401,0.15048622979569304,47399,38.13112880006774
576.9514034601161,2049.0407685562022,0.15213476117507302,48466,38.98949953425353
574.3235488243766,1926.231033836942,0.14943900091066212,49031,39.44402574307732
620.5195926623678,1939.7167327062616,0.14879648050648137,45445,36.55919214158692
573.3340750144126,2025.3649965568418,0.1442917265389305,48866,39.31128800067745
586.8366861680194,2049.453960038414,0.14395129347541644,48066,38.667711067829615
590.0478024300927,2078.937577373563,0.1459909822001428,47686,38.3620120247269
580.3796667114956,1954.5172994831782,0.15504961119609817,48504,39.02006943856381
588.8336021881194,1922.1448517201109,0.1446874845110352,48333,38.88250486916758
614.5615540035051,2091.2093319045257,0.14590047977872064,45700,36.76433228893217
570.8809706136043,1930.8846176044285,0.1507292108898331,49166,39.55262935049538
619.6304054712411,1939.533396450928,0.1457269682711741,45607,36.689516470488606
621.3928814144735,1958.2658907116931,0.1449481002707668,45343,36.477136082648826
592.3356943914929,2005.8782708052574,0.15094974362546942,47703,38.37568803454992
579.2167739436381,2076.5651132068156,0.14802139906494924,48300,38.85595732068761
606.0504244767048,2052.1092045459736,0.15189238928760704,46457,37.373316961639425
577.1803533518937,2041.631510768527,0.15618308010613013,48357,38.90181217715301
591.8951616646951,1935.0361135712008,0.144764896971526,48087,38.684604962316875
627.5057508540583,1971.536526305195,0.15620150489719595,44456,35.7635701583538
629.7278683550182,1995.6809852173355,0.1560373495113438,44148,35.51579303920738
616.3262934812751,1929.485190697117,0.15493631375003855,45851,36.8858074350072
588.657690595246,1954.6859404253346,0.1519692887595913,48098,38.693454145143534
611.2599029499655,1961.6666407905689,0.1518021998619832,46288,37.237361334575326
612.3243819290408,1925.4552396658078,0.15208818989904752,46301,37.247819459734096
593.270501709819,2010.0479383816514,0.1528574332682672,47599,38.292023033279705
608.4533180751696,2041.0056393048385,0.14274723300894235,46430,37.35159624015581
570.6436586985405,1913.9863262953722,0.15687138868740974,49091,39.4922940130409
582.5434595161345,1996.22462035263,0.1512840564219837,48349,38.895376407824536
601.5052981780357,2056.442239053559,0.15422198759103634,46837,37.679016004742145
579.8250782554977,2049.5980257904894,0.14815922758592043,48390,38.92835972563299
579.954412072592,2063.014619243751,0.14268595820873692,48440,38.96858328393598
620.1782574330143,1989.6481266341214,0.15014601989814666,45284,36.429672283851296
629.3479801610164,2064.1114165279723,0.15010785178973893,44007,35.402362604792955
603.3581656817069,1948.1506142428539,0.14905483932467178,47091,37.88335168092133
620.3441838529028,1972.1621122835031,0.14759575581243115,45372,36.500465746464556
629.4192998595763,1935.2711152835602,0.14624739131714581,44444,35.75391650436108
578.4957533141264,1993.4969078857143,0.15041317311745775,48589,39.088449487678886
596.8947367952611,1978.4120044830886,0.1481291720954024,47559,38.25984418663731
593.5543629505152,1948.1854232828625,0.15704897824574712,47694,38.36844779405538
574.802957018771,2050.3561418461563,0.14509390961650395,48725,39.19785756626302
615.3198103676847,1962.7693544223293,0.14729498351440629,45963,36.9759082056059
596.0267416393556,1954.560866029167,0.14690940706386857,47677,38.35477178423236
598.1596160514241,1926.178066170099,0.15064963764353934,47546,38.24938606147853
579.0403784287944,1987.7643403603897,0.1499892038546122,48550,39.057075112202554
580.8555991338521,1960.5929257674604,0.1521561069813641,48545,39.05305275637226
624.4262173293729,1973.8545682681938,0.15675002655861311,44812,36.04996189347108
572.6789453384567,1947.1994525241105,0.146778316282408,49106,39.5043610805318
583.9711370966223,2052.63109796398,0.15289157353882493,48079,38.6781691929884
587.5235598188717,2086.0006694709436,0.14287560304507774,47907,38.53980015242612
599.4118525440952,1999.5863705577776,0.14643582709100436,47298,38.049877212295705
605.1867103808878,2028.5996846681664,0.1494557959199489,46668,37.543060377678046
599.59739855104,2073.4344553213414,0.142964921827217,47098,37.88898297908375
575.0469200734129,2099.7659274667317,0.1517650419083046,48379,38.919510542806336
584.6200472433428,2022.7032969459665,0.15267465912602562,48120,38.71115251079684
620.6153030857524,2077.955893307974,0.1537009757225707,44961,36.169828097213994
608.2553220287075,2081.721649311128,0.15024861757264518,46204,37.169785756626304
608.9489430080564,2058.2902975615243,0.1515591699746794,46253,37.20920484376323
610.2121953210813,1992.186278214622,0.1484409787691773,46322,37.26471335422135
615.7741811423717,1916.23080008478,0.14311879548759843,46165,37.13841138114997
573.4865089032868,1903.1611110880267,0.14399927783661767,49250,39.62020492844441
591.9965030959568,1995.4401266565849,0.15232493886302195,47768,38.427978660343804
602.3716461157007,1998.8629067069235,0.15743332949378663,46891,37.722457447709374
590.3073889978396,1981.4724775725945,0.14273704858744943,48030,38.638750105851464
620.6687323972312,2013.6334702582728,0.15086375245239575,45211,36.37094588872893
598.9543505152376,2010.4325406608855,0.15376513129323838,47228,37.99356423067152
616.1176553675627,2067.3226082065385,0.1549016224202082,45418,36.53747142010331
621.1209310128702,1921.7314206524525,0.1506780735183396,45392,36.516555169785754
600.2874889742099,1945.035533221109,0.1517987397027616,47300,38.051486154627824
624.573134632281,2058.600995791926,0.1529508741791183,44605,35.8834363620967
605.2274364322188,2069.567373444731,0.15538449374540145,46436,37.35642306715217
621.0164579300233,2098.9648427241736,0.14433434305804227,44923,36.13925819290371
590.4354477354915,2074.5824032774167,0.15639273294412295,47493,38.206749089677366
599.9290175118891,2077.9798014144662,0.14289026105327354,47087,37.88013379625709
601.8846624602746,1962.869588525981,0.15504299626436663,47113,37.901050046574646
576.2987829537642,1980.3323268018753,0.14365110639839546,48834,39.28554492336354
593.9131504020925,1953.6170209641102,0.14541942317407383,47897,38.531755440765515
625.0402603531006,2021.2598796385432,0.14255841219571697,44742,35.9936489118469
607.8499344218845,2087.7610708414077,0.1491788505830406,46297,37.24460157506986
580.6503949462181,1968.9281773023235,0.14751538840076087,48611,39.106147853332196
590.3313381365763,2011.4003563762901,0.1449898936723054,47922,38.551867219917014
581.496180579762,1959.259926090697,0.1492663524120586,48558,39.06351088153104
571.4893879079143,1933.9599947545414,0.14853556324758274,49165,39.551824879329324
625.6476275102416,1939.0371059637312,0.15401491549048113,44838,36.07087814378863
596.8924396954122,1911.589068907626,0.1558969545910505,47653,38.33546447624693
588.4521043452472,2089.8587046018515,0.15228850877650624,47670,38.34914048606995
605.9086314934642,1980.5759217015259,0.14436615583089785,46879,37.71280379371665
570.4388673775809,2066.8241784004217,0.14693086192064775,48816,39.27106444237446
586.6813263960488,2036.2658945379383,0.1561997744524842,47886,38.522906257938864
612.1820079419335,1938.384232282217,0.14383101739511833,46358,37.29367431619951
608.0261863841558,1935.0924493158175,0.1486028375908624,46678,37.55110508933864
628.9083568525522,2062.397640302109,0.15663756928850223,44060,35.44499957659412
607.2214625794826,1952.9423421239076,0.15675997262204228,46592,37.48192056905749
598.650352417664,2082.657036740395,0.14866804765573338,47077,37.87208908459649
615.6859537910404,1928.0110809378982,0.15251095332148196,46005,37.009695994580404
624.1996723178431,2035.5417228908939,0.14935118397530997,44729,35.98319078668812
613.2417568031011,2062.8947752061868,0.15380190809154512,45758,36.81099161656363
627.7926734129628,1947.051277683129,0.14297371996039496,44683,35.94618511304937
616.9203102442906,1955.2414726913132,0.14466235723382037,45910,36.933271233804724
622.0080862957155,2092.9037772278402,0.15171298205315398,44718,35.97434160386146
576.8462442710182,1952.9195210692317,0.14598828393664595,48895,39.33461766449318
613.9448101796272,1985.9914099800096,0.15249078448903722,46009,37.01291387924464
596.4053219716421,1986.5031186484732,0.14776834391191948,47549,38.251799474976714
603.1862281446765,1950.6069499859368,0.15579968337191732,46974,37.78922855449233
609.2461445689414,2055.158217287418,0.1547888907833998,46118,37.100601236345156
628.1889070023342,2054.369868645831,0.14989256700103173,44168,35.53188246252858
629.0746848858975,1975.6636028447572,0.15409342630642286,44227,35.5793462613261
587.2936947292743,2067.025158216147,0.14656706829352634,47908,38.54060462359217
614.025209846275,1942.6149868798004,0.14991389665217794,46088,37.07646710136337
614.9990122761161,1900.8611551335357,0.14546223077794918,46291,37.2397747480735
590.789571678783,2014.233472411148,0.1554132925278149,47719,38.38855957320687
577.4321864918533,2098.8155544904757,0.15484601424852623,48210,38.78355491574223
572.4568176171432,1907.7288619653768,0.15603224502613502,49043,39.453679397070026
616.6405876517507,1941.5996147416922,0.1556621547183639,45791,36.83753916504361
599.3819845090144,2003.7829284974168,0.15689394393089243,47108,37.897027690744345
629.1324101696956,2061.9881472889742,0.14592504347447888,44069,35.45223981708865
597.8984073716192,1917.8084010150105,0.15647736436192974,47549,38.251799474976714
628.6750187444304,1979.0469307517787,0.15106819787027997,44371,35.695190109238716
594.6945601316436,2049.4151601259773,0.14883742625877228,47468,38.186637310525875
617.6209290335984,1974.3086416812723,0.15090560843951809,45656,36.72893555762554
575.0891563387099,1937.7672840951277,0.14763903534975417,48958,39.38529934795495
603.3277026082658,1939.0991654793174,0.14682829510441428,47157,37.93644677788127
618.1235872191435,1982.009757382999,0.14611971506966293,45595,36.67986281649589
625.4821000331933,1995.8834149611782,0.1437364198418569,44800,36.040308239478364
619.3549854370459,2072.3628835632026,0.1499484734572078,45149,36.32106867643323
572.2182436320704,2028.4504837135987,0.15581642513570831,48658,39.14395799813701
592.3621404784041,2038.0803909031004,0.15195227953911578,47571,38.269497840630024
572.921908338831,2096.597434307181,0.15031463449133659,48574,39.07638242018799
576.5569374668735,1982.3686880601947,0.14892889377376375,48728,39.2002709797612
610.5183377200491,1980.6708806498257,0.14946602439475787,46344,37.28241171987467
612.795491778702,2084.6693935451626,0.14563916021357926,45904,36.92844440680836
616.4232409650975,1949.1751174010117,0.15484403815789646,45781,36.82949445338301
621.9273928833397,2045.9630492605734,0.1454757444492229,45072,36.25912439664663
614.3658881085906,2050.9146276436268,0.1532493413509097,45709,36.771572529426706
618.052295526398,1919.5575994890887,0.1538997751724423,45699,36.76352781776611
572.9378225893968,1993.6462811387169,0.151123035630416,48873,39.31691929883987
584.072109026478,1940.1124942643107,0.15544389562432243,48304,38.85917520535185
607.3138664025148,1937.0750545604972,0.14686575528675974,46788,37.63959691760521
621.4875182774894,1992.7656220925753,0.15572425831864295,45091,36.27440934880176
570.2700074963795,1957.885941501613,0.15344115689398957,49018,39.433567617918534
600.877760526981,2059.212089525174,0.1544812474164264,46902,37.731306630536025
610.6372439618639,2081.5209782780967,0.1524686956429097,45992,36.99923786942163
571.7764373477168,2060.5441210576732,0.15519514525484954,48626,39.1182149208231
594.0813334532032,1953.2061745243332,0.15739648294076453,47613,38.30328562960454
623.7380928830219,1954.8268787377217,0.14880244281786958,45073,36.25992886781268
610.2967685313515,1950.9456700234934,0.15470873525564355,46359,37.29447878736557
584.2595018016358,1927.0076192112472,0.1536686963927705,48399,38.935599966127526
621.1668677779147,2088.7596736207424,0.14929305248568026,44894,36.11592852908798
590.8818854045709,1980.409559631414,0.15640423499598768,47788,38.444068083665
621.2006802686435,1944.9378949091747,0.1484163889435889,45330,36.46667795749005
587.9366190671343,2069.3342101016488,0.15098198874414356,47818,38.468202218646795
605.419215052989,1979.839060531558,0.14408913535486442,46882,37.715217207214835
593.8164040648701,1907.0233622219332,0.145886627910994,48051,38.655644000338725
586.489503045304,1932.3883140499263,0.1551104425580064,48230,38.79964433906343
623.1934537303122,2027.850068071234,0.14844829084243272,44855,36.084554153611656
581.2556209163695,2056.5810548343447,0.14841126134122887,48260,38.82377847404522
575.0886954741458,1942.1868776977426,0.1461897152728593,48973,39.397366415445845
590.5156163127397,2083.4791178532287,0.1498741550144618,47607,38.298458802608174
613.058348858494,2070.1994240104327,0.15458725442025933,45715,36.77639935642306
618.4458963585769,2069.6761508122163,0.1559274617666061,45186,36.35083410957744
629.9246022040059,1945.5322293598429,0.14355171648066276,44433,35.74506732153443
587.7817234206699,1910.1071977300116,0.15112231096860174,48332,38.88170039800152
594.4765170678769,2073.4847078965167,0.149509100518385,47378,38.11423490558049
578.2092766817776,1961.1600457477134,0.15171422775707366,48664,39.14878482513337
604.492315777382,2023.7832762347052,0.14920913530362404,46789,37.640401388771274
629.8548022357751,2051.9933767401462,0.1484796723128012,44060,35.44499957659412
612.0528606072395,1925.658651702224,0.14957821068644234,46342,37.280802777542554
605.7127704248023,2056.1676709038097,0.1512299869313462,46550,37.448132780082986
593.5421455753076,2087.702291792213,0.15001474816547664,47402,38.133542213565924
624.9179256171333,2045.6749931492818,0.1495821667653097,44695,35.95583876704209
599.814995767821,1988.2445496961116,0.1547675296493712,47180,37.95494961470065
578.0620147987837,2075.335627750341,0.15368471986856785,48255,38.81975611821492
591.922707791948,2005.4915260145117,0.1476206774127179,47827,38.47544245914133
574.030000130866,2048.9541855633506,0.15450865676272982,48530,39.04098568888136
582.1187422613269,2064.101188771721,0.1553047600350675,48046,38.651621644508424
571.0601268599947,2049.870572339801,0.14480238308061286,48879,39.32174612583622
597.1967949900098,1957.570975209631,0.1512402369259614,47511,38.22122957066644
608.0724158971078,1923.5687801811662,0.14677967990398819,46752,37.61063595562706
590.5975477427345,1947.667705872412,0.15358758482890084,47954,38.57761029723092
595.2229062903166,2000.5749873960706,0.14608177994038024,47610,38.300872216106356
627.5525563706746,2001.055384458619,0.15257105286259548,44419,35.73380472520959
615.117787294495,2016.5288698629074,0.1463268698408645,45820,36.860868828859346
602.451398216697,1979.0203675095781,0.15016715645144915,47066,37.86323990176983
587.0724525067095,2057.3782762900055,0.15672969701874287,47745,38.40947582352443
623.8198079263797,2082.6307500694415,0.1482196130768465,44689,35.95101194004573
584.1058270128395,1949.3450106958942,0.15563607728944812,48273,38.834236599204
589.5205638310006,2047.3046435403776,0.1573041687180584,47630,38.316961639427554
624.5438888653769,2035.594370509009,0.15562276273207745,44647,35.91722415107121
601.7725233171043,2004.618099855863,0.14498799044585015,47157,37.93644677788127
614.5390769650786,1937.706046774832,0.15479487329302744,46029,37.02900330256583
605.4446876498259,2059.046451716542,0.1429822409265084,46657,37.53421119485138
609.2063525405697,2092.1252571257664,0.1483995282554896,46108,37.09255652468456
587.9629974908895,2044.3672664467226,0.15556100059976796,47809,38.460961978152255
584.4823236975998,2083.571999325147,0.1528312831913988,47921,38.55106274875095
589.34954083012,2096.8370529896,0.15049110641006816,47622,38.31052587009908
579.3264938450053,1970.4101348478475,0.1483179603762393,48631,39.1222372766534
622.4588619174484,2027.6447105852674,0.1546844541970543,44871,36.09742569226861
586.9948159950069,1994.7865475276155,0.15314337605922332,48077,38.67656025065628
603.6893636648631,2097.325749372646,0.1495260797942351,46639,37.51973071386231
617.5184655084824,1918.761564801545,0.1558872650581449,45768,36.819036328224236
617.0294465625428,1982.474982859445,0.14594922026727947,45695,36.76030993310187
596.3031755150515,2075.107808905447,0.14505587263737937,47319,38.06677110678296
598.5754385152036,1956.810262105303,0.15214205646500373,47414,38.143195867558646
629.6821049361015,2057.5585701277746,0.15707991514052655,43944,35.35168092133119
610.4758486187415,1976.5566325560512,0.14620884859960154,46409,37.33470234566855
618.878306587073,2095.9957079780315,0.1462450556840074,45259,36.409560504699805
624.1532381531539,2076.7059672847417,0.14459248271943284,44652,35.92124650690152
617.2553901737604,1960.264071532523,0.15540845332910447,45638,36.71445507663646
581.110760697214,2054.038622707571,0.14589596310617,48326,38.87687357100516
603.7302440242544,1967.3713087666538,0.1500476779008733,47023,37.82864764162927
576.1136494388727,2021.272568043107,0.15736308717003306,48451,38.97743246676264
609.1753275938399,2031.6961536786584,0.14268211351383064,46365,37.29930561436193
627.3209656912686,2065.919081817141,0.1508472913576619,44243,35.59221779998306
600.7639238580067,1904.890168176403,0.15018433564057418,47467,38.18583283935981
595.978349572066,1944.03157823046,0.1546117106461523,47620,38.30891692776696
572.1505650850897,2042.3835621177157,0.14782922309329163,48782,39.24371242272843
627.5864713397532,2012.7046473939074,0.1486551203834856,44434,35.745871792700484
576.1801610478095,1999.1210156402285,0.14501906970898296,48765,39.23003641290541
572.4647455982908,1911.041991341596,0.1536122284745368,49082,39.48505377254636
584.7639966902963,1969.6551766922912,0.15427063363782223,48240,38.80768905072402
573.931826035103,2073.0200463821297,0.14454994981168245,48695,39.173723431281225
597.3070705447058,1906.1785674072064,0.14840185610982481,47723,38.391777457871115
600.9652680754267,1979.2872470729624,0.15589357493044023,47117,37.904267931238884
588.754196941715,2089.0296575341545,0.1425406091051368,47837,38.48348717080193
573.0576289544931,1910.176146909003,0.14698138605933947,49187,39.56952324498264
576.6960220949536,2049.9411502089274,0.1508256342757882,48495,39.01282919806927
593.0702626793957,1951.5225232364073,0.1475114078948993,47868,38.508425776949785
573.6317070495921,2073.3217664307344,0.14658067783766504,48668,39.152002709797614
611.8913835365948,2049.213595791873,0.14940056227354817,46048,37.04428825472097
582.4212324914887,2077.141034171673,0.1452228466216454,48197,38.77309679058345
588.1242941270183,1943.1849580862531,0.15044437861439225,48159,38.74252688627318
593.6475466306858,2006.258550963721,0.1531004388196984,47602,38.29443644677788
594.9965779841489,2055.85398871496,0.15112942428942752,47411,38.14078245406046
570.099642460488,1949.1399485989962,0.14389663996287796,49228,39.602506562791085
576.7242222599218,1946.1492610534433,0.1551661292124836,48716,39.19061732576848
621.7658738244527,1905.436426699517,0.14512466756231232,45513,36.61389618087899
570.0739837507144,2091.7030587950903,0.15397218000916693,48590,39.08925395884494
600.4900413487725,2042.0033760109247,0.14790847666163776,47061,37.859217545939536
599.3701203904325,2027.112070802037,0.15424142022084153,47079,37.87369802692861
589.9856496606383,2048.798944538998,0.1455940935510802,47850,38.49394529596071
595.879621208787,2006.3225837390878,0.14529993155543144,47607,38.298458802608174
616.834868251595,1995.226764218082,0.14995538769326222,45722,36.78203065458548
620.4722223728974,1989.9064482247043,0.1429940402204754,45364,36.49402997713608
585.620912604915,2028.0878424207283,0.145879460081735,48161,38.7441358286053
589.3494264580638,1940.3069950784766,0.15336018378276522,48039,38.645990346346004
584.5489711816999,2077.611739002974,0.15506075217458137,47882,38.51968837327462
598.791804033064,2062.350474243853,0.14371178045906716,47219,37.986323990176984
610.9955014595288,1969.9127222904067,0.15573116564157158,46284,37.23414344991108
583.6951725278052,2015.7218593625048,0.15446275806079768,48168,38.749767126767715
589.844144523292,1928.205459990003,0.15554526443560449,48050,38.65483952917267
625.823077055349,2094.46924958672,0.1529764283186826,44393,35.712888474892026
572.9141573908175,2080.5785375260566,0.15261229600940945,48559,39.06431535269709
597.646176314374,2084.3795012998403,0.15037639850017295,47133,37.91713946989584
612.6934824958066,1966.4326095406902,0.15229180836736972,46159,37.133584554153614
579.0272406934484,1933.8269414765712,0.1562866449684991,48587,39.08684054534677
572.842441200329,1942.354432693262,0.14400783002125062,49158,39.54619358116691
578.2923222983119,1918.000278209018,0.14723646716769137,48902,39.34024896265559
625.129391611841,1924.0221260202768,0.14358682460393807,45023,36.21970530950969
570.5555869092674,1914.260906836969,0.15667207757916057,49090,39.49148954187484
581.2993184886811,2097.964613840975,0.1491789819899908,48127,38.71678380895927
571.8770107740987,1914.8115366738148,0.15263016706014282,49153,39.5421712253366
576.6377680537322,1926.5084161902828,0.15511680096756483,48788,39.248539249724786
607.2089571976978,2065.4509191181473,0.15736500372114734,46229,37.189897535777796
584.4983345243452,2016.0480433485886,0.14492673686688398,48281,38.84067236853247
604.1527230258406,2054.8834409138663,0.15449268908577343,46599,37.48755186721992
605.4117229659676,2026.182401554531,0.15581134347205106,46579,37.47146244389872
620.9661199853867,2076.43501406579,0.14323313065276314,45097,36.27923617579812
570.2844835747125,2027.6935055529482,0.1538113584027836,48794,39.25336607672115
621.202167560542,2004.4250185806302,0.14782087981794825,45168,36.33635362858836
607.1471451856185,2042.54993875226,0.15222895187205648,46384,37.31459056651706
579.7646091662974,1989.478550358422,0.15021072294058296,48539,39.0482259293759
616.376243288117,1969.212764580947,0.14639613378129954,45849,36.884198492675075
621.3294925074351,1993.5304904900424,0.14452832043005978,45235,36.39025319671437
585.2558090252494,1933.942821019712,0.1442542084963381,48471,38.993521890083834
625.1276208541608,2059.314345960538,0.14404984286562736,44595,35.8753916504361
597.2674458179195,1952.1407562671889,0.15206685060201866,47507,38.2180116860022
606.2054672599993,1930.7063092674096,0.14777116277099306,46896,37.72647980353967
629.0789720170586,1949.2704483566454,0.14574950157308808,44403,35.72093318655263
591.6921647183519,2068.414030354448,0.15287827639058854,47525,38.23249216699128
618.7895607492068,1966.0402591195464,0.152802743486497,45553,36.64607502752138
589.1039470697076,2037.20997390118,0.15058752438535497,47799,38.45291726649166
617.9528113344894,2071.281926131148,0.15652436725298777,45267,36.41599627402828
606.0440351317585,1915.5489333850085,0.14828121347162132,46944,37.76509441951055
582.9813417135241,2053.0048810356084,0.15503794456903938,48089,38.686213904648994
594.8415656273542,1961.533093275806,0.14362709111898295,47836,38.48268269963587
589.0581380618137,1943.3244728368086,0.15359746641057756,48026,38.635532221187226
574.6865035848218,2037.7802904905943,0.15732671120747896,48504,39.02006943856381
571.7900862059819,2081.9593245466467,0.15519897324431725,48553,39.059488525700736
590.7887193244309,1959.0038417424792,0.15119497078965088,47973,38.59289524938606
571.1420488690492,2013.7667610768638,0.1519014909649074,48850,39.29841646202049
579.9292654549065,1957.9668227698983,0.1477993432415542,48690,39.169701075450924
613.5109992510521,2010.8571171452857,0.15269227827387155,45944,36.960623253450755
612.4854741410153,2024.372406130868,0.1540559307477199,45973,36.983952917266485
614.3148231874429,2022.067077758036,0.1574734272167678,45744,36.7997290202388
589.0291902677988,2024.7092739285492,0.1498869437550065,47861,38.502794478787365
623.4011674270618,1927.0159584435048,0.14341956098660164,45228,36.38462189855195
605.6298328817069,2038.7080939173438,0.15143786926096478,46606,37.493183165382334
577.5615805047976,2034.9500712760446,0.1442853622497325,48612,39.106952324498266
578.6231196873321,2036.5176244433767,0.14617147565334165,48536,39.045812515877714
611.585725615782,1914.8141105477412,0.14743169866958605,46507,37.413540519942416
580.3766361865247,1989.3677684828306,0.15346544809722615,48419,38.951689389448724
600.4375620949226,1981.807026409146,0.1452571218581775,47286,38.04022355830299
629.5064685557227,1917.34229672864,0.14498629420263529,44527,35.820687611144045
570.2404562840004,1944.4735855793622,0.1431744636374824,49256,39.625031755440766
570.9947881138534,1988.1925263596074,0.1555985990453082,48868,39.31289694300957
629.5850749158304,2048.5812619716166,0.1529025813653409,44020,35.41282072995173
605.0783300480499,1947.4124153969326,0.14309919698426438,47002,37.811753747142006
577.6145985311108,2065.949982024982,0.1429243845845717,48529,39.0401812177153
623.8381319852456,2009.1596571478926,0.15088011444712585,44892,36.11431958675586
622.8228180076616,2052.0843370369234,0.14673801601930064,44902,36.12236429841646
602.1720247866825,1994.5111966673715,0.15145089525647892,47007,37.81577610297231
607.3075217916454,1999.8388450844448,0.14901906263521447,46569,37.46341773223812
586.3912314900526,2023.9438778759281,0.15634968843465383,47920,38.55025827758489
573.0311817823203,2085.594121633165,0.1468171352244205,48630,39.121432805487345
605.6740565334519,1998.362516282582,0.1526871805265834,46709,37.57604369548649
587.6853115921658,2005.7315076216582,0.14331081467427897,48156,38.740113472775
609.8172627996212,2020.399392705506,0.15683790801283387,46205,37.17059022779236
620.1747106105561,2047.5030274595451,0.1572113620186253,45007,36.20683377085274
571.0896326348618,1914.3700670972469,0.1535861194352462,49131,39.52447285968329
605.7428264811437,2003.1374877043945,0.1494781870734536,46750,37.60902701329494
583.8768323812111,1996.3183178412087,0.1457999015899089,48395,38.932382081463295
622.4333098742281,2084.336996847514,0.15468774510371947,44697,35.95744770937421
585.2198703937097,1998.7013160872682,0.15354531145720532,48104,38.6982809721399
606.6462079941251,1993.664106938866,0.14582931059341422,46732,37.59454653230587
603.2124504053767,2092.4399977069406,0.14926822941235898,46653,37.53099331018715
593.7699900035549,1990.1152927201763,0.14944198406725176,47705,38.37729697688204
610.6572458159876,1936.176886064418,0.15489615824959063,46400,37.32746210517402
613.5461780829261,1943.3832245611577,0.15275767026501114,46137,37.11588618850029
604.0162677191632,1919.0375076673947,0.15214751315310082,47072,37.868066728766195
615.5053342310853,1900.1136258517888,0.15224741133844918,46097,37.0837073418579
629.0050245595762,1986.3891322000964,0.14655705119073717,44283,35.62439664662545
595.1563432740483,2053.8485162596444,0.148075668897443,47396,38.12871538656957
600.8749831131319,2046.6932885599672,0.14318493428155057,47123,37.90909475823525
570.7481926764727,1906.42981756057,0.15430411703718186,49164,39.55102040816327
617.7617133786227,2013.9965807188066,0.1489949732275472,45563,36.65411973918198
601.2138040227596,1930.8566250826952,0.1490735753563136,47317,38.06516216445084
594.4776858216339,2088.2152569529394,0.1461803439740044,47407,38.13756456939622
575.6443177853638,1933.4729999288359,0.14564140922189142,49019,39.4343720890846
623.3793853005238,2025.3278435394964,0.15131732894353545,44839,36.071682614954696
593.7004344024334,1965.2476724328114,0.14598829522805512,47847,38.491531882462525
610.9548958925532,2028.3122651928704,0.14346313277348197,46285,37.234947921077136
578.9624493820891,1982.4517192928151,0.15401261123971347,48541,39.04983487170802
627.692977772462,2051.928610461279,0.14814704151609548,44315,35.65013972393937
580.7065057093099,1946.1358250655717,0.14820353375848955,48658,39.14395799813701
581.9725195739694,2081.158370582852,0.14896977422273686,48171,38.7521805402659
621.5389716334628,2000.0419298626705,0.15472567235112142,45085,36.2695825218054
624.7549646485159,2051.2186295425704,0.14731255343909724,44705,35.96388347870268
582.7288444513981,2069.9460382802454,0.15387054316886753,48055,38.65886188500296
598.1880532904896,2099.765722190961,0.15659317261169314,46892,37.72326191887544
614.0096942737698,1944.7891331187916,0.152413022938872,46043,37.040265898890674
622.7019440286481,1957.378482712691,0.14897521621765536,45158,36.32830891692776
592.7431617022384,1950.0866173463776,0.15371684584719997,47811,38.462570920484374
601.0211692109658,1952.5742664319566,0.1493684605462708,47244,38.006435769328476
614.5029846311841,2016.4889483078755,0.14871640906662212,45884,36.91235498348717
613.8681585991677,2098.7045046291687,0.15037924745359024,45714,36.77559488525701
616.9776078015651,2098.055617418551,0.1472658350221394,45449,36.56241002625116
604.1960291184915,2005.3546462724617,0.1440637532442,46919,37.74498264035904
576.2769058082865,2027.8054420529347,0.14872278008289247,48599,39.09649419933949
624.2383974526824,2071.9941087403213,0.14435785321693953,44666,35.93250910322635
621.9343523592617,2086.586691690701,0.1486566221033317,44904,36.123973240748576
617.8858461491,1940.7721254659089,0.15085400581820174,45757,36.81018714539757
575.9917486296438,2005.7083457884905,0.1564606677180847,48566,39.069946650859514
582.2638420248858,2066.5674109323027,0.14304333496567953,48263,38.826191887543395
614.6160219064591,1960.6404153269184,0.15182187609752915,46015,37.01774070624101
571.3884056749168,1987.9618084960935,0.14936602779975117,48977,39.40058430011009
628.7534780224368,2097.1242203024017,0.14280391692306207,44126,35.49809467355407
592.6286808213408,2097.0093393441744,0.1462432226390808,47504,38.215598272504025
613.1587520214495,2081.2213621530364,0.144277278785322,45831,36.869718011686
623.2542653092826,2059.6896689656114,0.14575191218597167,44795,36.03628588364806
593.677793289005,1953.8261001445612,0.14661855365191376,47880,38.5180794309425
589.14794931598,1964.1700148134375,0.14851959503073295,48052,38.65644847150479
606.5244677338948,2009.456568240975,0.15043559090233335,46624,37.50766364637141
604.8593624248831,2012.1554749124025,0.1425148499088958,46920,37.745787111525104
594.5483986574878,2001.1005638714134,0.1449280404094311,47693,38.36764332288932
606.1064853520625,2027.3340559832611,0.143903495784132,46650,37.52857989668897
626.1228821739896,1981.6646045265977,0.15074510098894114,44626,35.900330256583956
598.0584153975958,2049.8348314631066,0.14743612305601905,47207,37.97667033618426
581.8045308450379,1966.709985295671,0.15072596604052077,48503,39.01926496739775
592.6323589729802,1966.1353993892706,0.14582734953262017,47906,38.538995681260054
593.6464189555871,1925.4451923783656,0.14286344031131376,48023,38.63311880768905
577.8665215815732,1937.742442005784,0.1566205035190537,48666,39.150393767465495
579.7722900332733,2070.1041757842713,0.1441246218178349,48387,38.92594631213481
611.0737244036206,1989.2564677160883,0.14440288121942574,46292,37.240579219239564
590.3686652525341,1945.5735573105667,0.1446982023976521,48119,38.71034803963079
627.2939035113485,2051.8682200044773,0.1572191478598991,44203,35.56003895334067
584.6158047215165,2010.796225163372,0.15176490360254993,48175,38.755398424930135
575.9354703062893,1904.2312022846586,0.15165434927555776,48994,39.414260309933105
615.2102737800154,1963.272291467343,0.15730047302277794,45811,36.8536285883648
622.8621631150722,1935.4002822242683,0.1438265815391198,45282,36.42806334151918
586.6868014122892,2031.174572196568,0.15711751338813434,47884,38.52129731560674
582.1252860987287,1955.0062081260505,0.1455601971983106,48589,39.088449487678886
581.1459680922652,1912.9893558419888,0.15184607255343052,48662,39.14717588280125
601.3207380819907,1910.9869978395338,0.14880125347954187,47391,38.124693030739266
598.1049984748063,2016.345459591743,0.14825927720215767,47300,38.051486154627824
585.5663903912721,1904.344691140818,0.15646864992719195,48341,38.88894063849607
572.7103870193656,2069.758422627218,0.14473841592660383,48750,39.21796934541451
598.8894804195768,1931.0794238514552,0.15745603516614365,47398,38.130324328901686
627.5599408581365,2021.313267039086,0.14818687591637322,44419,35.73380472520959
609.1511520451597,1988.9376056021492,0.1522316235583283,46357,37.292869845033444
599.7303933977171,1988.5703042463806,0.1570186009722504,47143,37.92518418155644
576.6415244417769,1914.359428472009,0.1433640157556846,49063,39.469768820391224
585.1461774329753,2060.550450042443,0.15634296544387785,47847,38.491531882462525
587.6864369744726,2078.6104969506505,0.15101717078031515,47789,38.44487255483106
615.8882131564341,1902.2033334768457,0.1530659531846618,46079,37.069226860868824
622.6026478358772,1935.7208351394236,0.14473776275829522,45274,36.4216275721907
624.0985112139863,2080.780837759096,0.15050081146246547,44573,35.85769328478279
629.0741164950452,2009.8987225600117,0.15260270572087864,44149,35.516597510373444
628.942000986272,1930.007915649642,0.14934370961081522,44552,35.84079939029554
627.1799479660789,1940.5580905218317,0.14482477767159085,44684,35.94698958421542
574.3093284301731,2031.9972488474227,0.14616178612628364,48765,39.23003641290541
578.2676121556683,2044.9633644493747,0.15531589186490247,48319,38.87124227284274
588.2679915885619,2019.885361715987,0.14301706489249144,48051,38.655644000338725
603.1738952438677,2090.629675982505,0.1531329311766122,46596,37.48513845372174
575.8186733223288,1998.8127207323555,0.15749085054771791,48566,39.069946650859514
620.7478174681286,1960.0543824285053,0.1426122449416015,45469,36.57849944957236
607.0053707446385,1995.4465819951592,0.14491568524229909,46645,37.524557540858666
602.5418641381323,1971.9332587333222,0.15261216451339701,47049,37.84956389194682
579.9186794020375,1944.8831785349373,0.1433998625187802,48797,39.255779490219325
585.1953284640118,1909.192649868028,0.15134684975783788,48439,38.96777881276992
579.6187214989354,1970.4424987130249,0.15276000155341585,48547,39.05466169870438
621.1159894676879,2042.2818695419485,0.15132219522171106,45004,36.20442035735456
605.0536716036731,1903.6875605750388,0.147977770545316,47079,37.87369802692861
614.107765651178,1987.835702641187,0.15295923443979959,45902,36.92683546447624
587.7619717746015,2028.8018802899737,0.1514144164202073,47942,38.56795664323821
592.2751582252967,2022.0808218348614,0.1456145575814088,47750,38.413498179354725
594.291297865592,2055.3296871777434,0.15094703315377664,47419,38.14721822338894
615.6008983046421,2062.1039431319596,0.1557286082570839,45534,36.63079007536624
616.3411792604741,2042.3411641838775,0.15250249928535675,45534,36.63079007536624
582.4088116508419,1920.55953922895,0.1495768726109077,48627,39.119019391989156
626.4923314042859,1995.0044888008722,0.14732376154304175,44639,35.91078838174274
577.2393202466212,2020.6811914975217,0.14378829314156358,48676,39.15843847912609
623.7673249454178,1949.1132077618904,0.14616940699138542,45121,36.298543483783554
576.0237387389885,1908.5103635293553,0.14266780129630313,49094,39.49470742653908
585.8723886690786,1944.7180641752093,0.15729938876287447,48188,38.76585655008891
620.7887121640774,1990.9788803465278,0.14583723378193109,45338,36.473113726818525
580.7695243407652,1982.7860638109203,0.15472313914028057,48412,38.94605809128631
594.8140758785981,1935.3333962654324,0.14502967322707466,47894,38.52934202726734
596.9915579966475,2064.8831085366987,0.1467540172440836,47329,38.07481581844356
584.7155383813925,2085.137333747345,0.1487741597884255,47985,38.602548903378775
612.6147120801592,1940.269663810543,0.14736608496212406,46313,37.25747311372682
621.0800789641322,2085.914583113444,0.15447526219139793,44833,36.06685578795834
622.4745083913343,1903.5721918350362,0.15686540112023134,45225,36.38220848505377
590.3593287441937,2084.992494541389,0.15562941725476273,47489,38.20353120501313
601.8510236572689,2090.3857580161816,0.14480366800421635,46895,37.72567533237361
584.904384231939,1902.4103726031851,0.15415033014523935,48469,38.991912947751715
584.6877900930087,2052.6038593553494,0.14471920369957067,48162,38.74494029977136
579.6752437711154,2094.0403145139685,0.15620071659843152,48091,38.68782284698111
626.4011406484509,2081.1804437635556,0.15026817863502867,44334,35.6654246760945
623.2793297163348,2094.142032239243,0.1475457163208506,44674,35.93894487255483
616.6415227996615,2010.0647011395279,0.1448553824600129,45748,36.80294690490304
601.0596912772637,1915.6312279770777,0.14267713632268506,47473,38.19065966635617
599.4364749307123,2069.9578395610074,0.14621920487491327,47070,37.866457786434076
601.7847399709499,2022.7656511618022,0.15621030094921967,46918,37.744178169192985
602.1940808146254,2022.9473488376577,0.1544589328840834,46874,37.70878143788636
596.0737850818614,1983.4507219717373,0.15704690561626078,47392,38.12549750190532
577.9052899735241,2014.3683953042218,0.14401142281682058,48684,39.164874248454566
577.5398311721121,1930.715955817223,0.15138268115258505,48812,39.26784655771022
627.134982950741,2047.95400531323,0.14635725711046163,44355,35.68231857058176
598.921845575181,1915.0034614703084,0.1506441255865861,47589,38.2839783216191
627.1923314943114,2045.9561534087584,0.14730682328345182,44350,35.67829621475146
579.8146126626066,2069.795684524971,0.14675198325365035,48352,38.89778982132272
603.264993122396,1994.4937355128977,0.15110767953036897,46925,37.749809467355405
582.4630352010923,2001.9660732114098,0.1452497724280431,48441,38.96938775510204
585.1910763675961,1962.4428545844157,0.14953700155458174,48291,38.848717080193076
571.8032747256707,2093.8917167451177,0.15226218397566052,48591,39.090058430011005
577.1371986444127,2046.624894911909,0.14442273109774206,48573,39.07557794902193
625.0109044577517,1973.797710660069,0.15645891406315357,44700,35.95986112287238
589.2919794889399,1934.961477246601,0.15008587049181188,48127,38.71678380895927
606.4877527148755,1943.9159184404182,0.15479291957826513,46738,37.59937335930222
597.9008479193564,1992.78445722201,0.15230858145931594,47375,38.111821492082306
594.0270747147167,2088.5136800628675,0.15315001411833817,47278,38.03378778897451
601.9131654807641,2046.8292691521835,0.15324196411489258,46889,37.720848505377255
581.2343366769205,1943.04874963583,0.15562649845592208,48471,38.993521890083834
629.3162339111745,2071.9122266837794,0.15170408152570386,43961,35.3653569311542
619.0984721222318,1975.6401046019362,0.14667325727582084,45488,36.5937844017275
614.4968779638909,2070.344436550504,0.14399264464298184,45762,36.81420950122788
598.1255578208371,1948.339919596226,0.15159375929175212,47443,38.166525531374376
579.1726273275801,2023.7321223872634,0.1434952920565587,48562,39.066728766195276
625.239951496414,2085.3340976162563,0.14611940177534294,44506,35.80379371665679
590.4832240429037,1951.5788018295589,0.14341060776902867,48121,38.71195698196291
573.006401381816,2038.585318117171,0.1507333138350985,48694,39.17291896011516
590.5442206086377,2097.462523991429,0.144905071874143,47655,38.33707341857905
617.667421829753,1930.1196574486007,0.1516561097915021,45787,36.83432128037937
607.3625246992925,1917.680458140135,0.154362976962949,46755,37.61304936912524
615.0503150846915,2034.8390384889633,0.15482821081157794,45633,36.71043272080617
617.6181230317427,1967.9471895498061,0.1471431526220644,45724,36.78363959691761
582.7172766648325,1914.2488954733183,0.15073431799041742,48628,39.11982386315522
625.4269989655908,1995.0611235767208,0.15094516140129538,44718,35.97434160386146
596.2793761752224,2050.754135928791,0.1495933077323125,47326,38.07240240494538
608.3408189558498,1957.0244800830378,0.15232670837137147,46559,37.455373020577525
570.1385263552045,1967.0093755010269,0.145651306857353,49152,39.54136675417055
629.6021099046707,2069.1398801293944,0.1571886485938019,43903,35.318697603522736
586.8537831578493,2004.0143824522977,0.14397119740636397,48212,38.785163858074355
